"src/qml/types/qqmlobjectmodel.cpp",1
"src/qml/types/qqmltimer_p.h",0
"src/qml/types/qqmltimer.cpp",1
"src/qml/types/qquickpackage_p.h",0
"src/qml/types/qquickpackage.cpp",2
"src/qml/types/qquickworkerscript_p.h",0
"src/qml/types/qquickworkerscript.cpp",12
"src/qml/util/qqmladaptormodel_p.h",0
"src/qml/util/qqmladaptormodel.cpp",2
"src/qml/util/qqmlchangeset_p.h",0
"src/qml/util/qqmlchangeset.cpp",0
"src/qml/util/qqmllistaccessor_p.h",0
"src/qml/util/qqmllistaccessor.cpp",0
"src/qml/util/qqmllistcompositor_p.h",0
"src/qml/util/qqmllistcompositor.cpp",1
"src/qml/util/qqmlpropertymap.cpp",0
"src/qml/util/qqmlpropertymap.h",0
"src/qmltest/qtestoptions_p.h",0
"src/qmltest/quicktest.cpp",0
"src/qmltest/quicktest.h",0
"src/qmltest/quicktestglobal.h",0
"src/qmltest/quicktestresult_p.h",0
"src/qmltest/quicktestresult.cpp",1
"src/quick/designer/designersupport.cpp",1
"src/quick/designer/designersupport.h",1
"src/quick/designer/designerwindowmanager_p.h",1
"src/quick/designer/designerwindowmanager.cpp",1
"src/quick/items/context2d/qquickcanvascontext_p.h",2
"src/quick/items/context2d/qquickcanvascontext.cpp",1
"src/quick/items/context2d/qquickcontext2dcommandbuffer_p.h",1
"src/quick/items/context2d/qquickcontext2dtile_p.h",1
"src/quick/items/context2d/qquickcontext2dtile.cpp",1
"src/quick/items/qquickaccessibleattached_p.h",1
"src/quick/items/qquickaccessibleattached.cpp",2
"src/quick/items/qquickanchors_p_p.h",1
"src/quick/items/qquickanchors_p.h",1
"src/quick/items/qquickanchors.cpp",1
"src/quick/items/qquickanimatedimage_p_p.h",1
"src/quick/items/qquickanimatedimage_p.h",1
"src/quick/items/qquickanimatedimage.cpp",2
"src/quick/items/qquickanimatedsprite_p.h",0
"src/quick/items/qquickanimatedsprite.cpp",2
"src/quick/items/qquickborderimage_p_p.h",1
"src/quick/items/qquickborderimage_p.h",1
"src/quick/items/qquickborderimage.cpp",2
"src/quick/items/qquickclipnode_p.h",1
"src/quick/items/qquickclipnode.cpp",1
"src/quick/items/qquickdrag_p.h",1
"src/quick/items/qquickdrag.cpp",3
"src/quick/items/qquickdroparea_p.h",1
"src/quick/items/qquickdroparea.cpp",3
"src/quick/items/qquickevents_p_p.h",1
"src/quick/items/qquickevents.cpp",2
"src/quick/items/qquickflickable_p.h",1
"src/quick/items/qquickflipable_p.h",1
"src/quick/items/qquickflipable.cpp",2
"src/quick/items/qquickfocusscope_p.h",1
"src/quick/items/qquickfocusscope.cpp",2
"src/quick/items/qquickgridview_p.h",1
"src/quick/items/qquickgridview.cpp",3
"src/quick/items/qquickimage_p_p.h",1
"src/quick/items/qquickimage_p.h",1
"src/quick/items/qquickimage.cpp",2
"src/quick/items/qquickimagebase_p_p.h",1
"src/quick/items/qquickimagebase_p.h",1
"src/quick/items/qquickimagebase.cpp",1
"src/quick/items/qquickimplicitsizeitem_p_p.h",1
"src/quick/items/qquickimplicitsizeitem_p.h",1
"src/quick/items/qquickimplicitsizeitem.cpp",1
"src/quick/items/qquickitem_p.h",1
"src/quick/items/qquickitem.cpp",6
"src/quick/items/qquickitem.h",1
"src/quick/items/qquickitemanimation_p_p.h",1
"src/quick/items/qquickitemanimation_p.h",1
"src/quick/items/qquickitemanimation.cpp",3
"src/quick/items/qquickitemchangelistener_p.h",1
"src/quick/items/qquickitemsmodule_p.h",1
"src/quick/items/qquickitemsmodule.cpp",1
"src/quick/items/qquickitemview_p_p.h",1
"src/quick/items/qquickitemview_p.h",1
"src/quick/items/qquickitemview.cpp",2
"src/quick/items/qquickitemviewtransition_p.h",1
"src/quick/items/qquickitemviewtransition.cpp",2
"src/quick/items/qquicklistview_p.h",1
"src/quick/items/qquicklistview.cpp",3
"src/quick/items/qquickloader_p_p.h",1
"src/quick/items/qquickloader_p.h",1
"src/quick/items/qquickloader.cpp",4
"src/quick/items/qquickmousearea_p_p.h",1
"src/quick/items/qquickmousearea_p.h",1
"src/quick/items/qquickmousearea.cpp",2
"src/quick/items/qquickmultipointtoucharea_p.h",1
"src/quick/items/qquickmultipointtoucharea.cpp",2
"src/quick/items/qquickpainteditem_p.h",1
"src/quick/items/qquickpainteditem.cpp",2
"src/quick/items/qquickpainteditem.h",1
"src/quick/items/qquickpathview_p_p.h",1
"src/quick/items/qquickpathview_p.h",1
"src/quick/items/qquickpathview.cpp",4
"src/quick/items/qquickpincharea_p_p.h",0
"src/quick/items/qquickpincharea_p.h",0
"src/quick/items/qquickpincharea.cpp",1
"src/quick/items/qquickpositioners_p_p.h",1
"src/quick/items/qquickpositioners_p.h",1
"src/quick/items/qquickpositioners.cpp",2
"src/quick/items/qquickrectangle_p_p.h",1
"src/quick/items/qquickrectangle_p.h",1
"src/quick/items/qquickrectangle.cpp",2
"src/quick/items/qquickrepeater_p_p.h",1
"src/quick/items/qquickrepeater_p.h",1
"src/quick/items/qquickrepeater.cpp",2
"src/quick/items/qquickscalegrid_p_p.h",1
"src/quick/items/qquickscalegrid.cpp",1
"src/quick/items/qquickscreen_p.h",1
"src/quick/items/qquickscreen.cpp",2
"src/quick/items/qquickshadereffect_p.h",1
"src/quick/items/qquickshadereffect.cpp",3
"src/quick/items/qquickshadereffectmesh_p.h",1
"src/quick/items/qquickshadereffectmesh.cpp",2
"src/quick/items/qquickshadereffectnode_p.h",1
"src/quick/items/qquickshadereffectnode.cpp",1
"src/quick/items/qquickshadereffectsource_p.h",1
"src/quick/items/qquickshadereffectsource.cpp",2
"src/quick/items/qquicksprite_p.h",0
"src/quick/items/qquicksprite.cpp",2
"src/quick/items/qquickspriteengine_p.h",0
"src/quick/items/qquickspriteengine.cpp",0
"src/quick/items/qquickspritesequence_p.h",0
"src/quick/items/qquickspritesequence.cpp",2
"src/quick/items/qquickstateoperations_p.h",1
"src/quick/items/qquickstateoperations.cpp",2
"src/quick/items/qquicktext_p_p.h",1
"src/quick/items/qquicktext_p.h",1
"src/quick/items/qquicktext.cpp",5
"src/quick/items/qquicktextcontrol_p_p.h",0
"src/quick/items/qquicktextcontrol_p.h",0
"src/quick/items/qquicktextcontrol.cpp",0
"src/quick/items/qquicktextdocument.cpp",2
"src/quick/items/qquicktextdocument.h",2
"src/quick/items/qquicktextedit_p_p.h",1
"src/quick/items/qquicktextedit_p.h",1
"src/quick/items/qquicktextedit.cpp",2
"src/quick/items/qquicktextinput_p_p.h",1
"src/quick/items/qquicktextinput_p.h",1
"src/quick/items/qquicktextinput.cpp",3
"src/quick/items/qquicktextnode_p.h",1
"src/quick/items/qquicktextnode.cpp",1
"src/quick/items/qquicktextnodeengine_p.h",1
"src/quick/items/qquicktextnodeengine.cpp",2
"src/quick/items/qquicktextutil_p.h",1
"src/quick/items/qquicktextutil.cpp",1
"src/quick/items/qquicktranslate_p.h",1
"src/quick/items/qquicktranslate.cpp",3
"src/quick/items/qquickview_p.h",1
"src/quick/items/qquickview.cpp",1
"src/quick/items/qquickview.h",1
"src/quick/items/qquickwindow_p.h",1
"src/quick/items/qquickwindow.cpp",5
"src/quick/items/qquickwindow.h",1
"src/quick/items/qquickwindowmodule_p.h",0
"src/quick/items/qquickwindowmodule.cpp",0
"src/quick/qtquick2_p.h",1
"src/quick/qtquick2.cpp",1
"src/quick/qtquickglobal.h",1
"src/quick/scenegraph/coreapi/qsgdefaultrenderer_p.h",0
"src/quick/scenegraph/coreapi/qsgdefaultrenderer.cpp",0
"src/quick/scenegraph/coreapi/qsggeometry_p.h",1
"src/quick/scenegraph/coreapi/qsggeometry.cpp",0
"src/quick/scenegraph/coreapi/qsggeometry.h",0
"src/quick/scenegraph/coreapi/qsgmaterial.cpp",1
"src/quick/scenegraph/coreapi/qsgmaterial.h",1
"src/quick/scenegraph/coreapi/qsgnode.cpp",1
"src/quick/scenegraph/coreapi/qsgnode.h",0
"src/quick/scenegraph/coreapi/qsgnodeupdater_p.h",1
"src/quick/scenegraph/coreapi/qsgnodeupdater.cpp",1
"src/quick/scenegraph/coreapi/qsgrenderer_p.h",1
"src/quick/scenegraph/coreapi/qsgrenderer.cpp",1
"src/quick/scenegraph/coreapi/qsgrendernode_p.h",1
"src/quick/scenegraph/coreapi/qsgrendernode.cpp",1
"src/quick/scenegraph/qsgadaptationlayer_p.h",1
"src/quick/scenegraph/qsgadaptationlayer.cpp",1
"src/quick/scenegraph/qsgcontext_p.h",2
"src/quick/scenegraph/qsgcontext.cpp",3
"src/quick/scenegraph/qsgcontextplugin_p.h",1
"src/quick/scenegraph/qsgcontextplugin.cpp",1
"src/quick/scenegraph/qsgdefaultdistancefieldglyphcache_p.h",2
"src/quick/scenegraph/qsgdefaultdistancefieldglyphcache.cpp",2
"src/quick/scenegraph/qsgdefaultglyphnode_p_p.h",3
"src/quick/scenegraph/qsgdefaultglyphnode_p.cpp",4
"src/quick/scenegraph/qsgdefaultglyphnode_p.h",1
"src/quick/scenegraph/qsgdefaultglyphnode.cpp",2
"src/quick/scenegraph/qsgdefaultimagenode_p.h",1
"src/quick/scenegraph/qsgdefaultimagenode.cpp",1
"src/quick/scenegraph/qsgdefaultrectanglenode_p.h",1
"src/quick/scenegraph/qsgdefaultrectanglenode.cpp",1
"src/quick/scenegraph/qsgdistancefieldglyphnode_p_p.h",1
"src/quick/scenegraph/qsgdistancefieldglyphnode_p.cpp",2
"src/quick/scenegraph/qsgdistancefieldglyphnode_p.h",1
"src/quick/scenegraph/qsgdistancefieldglyphnode.cpp",2
"src/quick/scenegraph/qsgflashnode_p.h",1
"src/quick/scenegraph/qsgflashnode.cpp",1
"src/quick/scenegraph/qsgpathsimplifier_p.h",0
"src/quick/scenegraph/qsgpathsimplifier.cpp",0
"src/quick/scenegraph/qsgrenderloop_p.h",1
"src/quick/scenegraph/qsgrenderloop.cpp",1
"src/quick/scenegraph/qsgshareddistancefieldglyphcache_p.h",1
"src/quick/scenegraph/qsgshareddistancefieldglyphcache.cpp",1
"src/quick/scenegraph/qsgthreadedrenderloop_p.h",1
"src/quick/scenegraph/qsgthreadedrenderloop.cpp",4
"src/quick/scenegraph/qsgwindowsrenderloop_p.h",1
"src/quick/scenegraph/qsgwindowsrenderloop.cpp",1
"src/quick/scenegraph/util/qsgareaallocator_p.h",1
"src/quick/scenegraph/util/qsgareaallocator.cpp",1
"src/quick/scenegraph/util/qsgdepthstencilbuffer_p.h",0
"src/quick/scenegraph/util/qsgdepthstencilbuffer.cpp",0
"src/quick/scenegraph/util/qsgdistancefieldutil_p.h",2
"src/quick/scenegraph/util/qsgdistancefieldutil.cpp",1
"src/quick/scenegraph/util/qsgflatcolormaterial.cpp",1
"src/quick/scenegraph/util/qsgflatcolormaterial.h",1
"src/quick/scenegraph/util/qsgpainternode_p.h",1
"src/quick/scenegraph/util/qsgpainternode.cpp",1
"src/quick/scenegraph/util/qsgsimplematerial.h",1
"src/quick/scenegraph/util/qsgsimplerectnode.cpp",1
"src/quick/scenegraph/util/qsgsimplerectnode.h",1
"src/quick/scenegraph/util/qsgsimpletexturenode.cpp",2
"src/quick/scenegraph/util/qsgsimpletexturenode.h",1
"src/quick/scenegraph/util/qsgtexture_p.h",1
"src/quick/scenegraph/util/qsgtexture.cpp",4
"src/quick/scenegraph/util/qsgtexture.h",1
"src/quick/scenegraph/util/qsgtexturematerial_p.h",1
"src/quick/scenegraph/util/qsgtexturematerial.cpp",1
"src/quick/scenegraph/util/qsgtexturematerial.h",1
"src/quick/scenegraph/util/qsgtextureprovider.cpp",1
"src/quick/scenegraph/util/qsgtextureprovider.h",1
"src/quick/scenegraph/util/qsgvertexcolormaterial.cpp",2
"src/quick/scenegraph/util/qsgvertexcolormaterial.h",1
"src/quick/util/qquickanimation_p_p.h",1
"src/quick/util/qquickanimation_p.h",1
"src/quick/util/qquickanimation.cpp",3
"src/quick/util/qquickanimationcontroller_p.h",0
"src/quick/util/qquickanimationcontroller.cpp",1
"src/quick/util/qquickapplication_p.h",0
"src/quick/util/qquickapplication.cpp",0
"src/quick/util/qquickbehavior_p.h",1
"src/quick/util/qquickbehavior.cpp",2
"src/quick/util/qquickfontloader_p.h",1
"src/quick/util/qquickfontloader.cpp",2
"src/quick/util/qquickglobal.cpp",4
"src/quick/util/qquickimageprovider.cpp",1
"src/quick/util/qquickimageprovider.h",1
"src/quick/util/qquickpath_p_p.h",1
"src/quick/util/qquickpath_p.h",1
"src/quick/util/qquickpath.cpp",2
"src/quick/util/qquickpathinterpolator_p.h",1
"src/quick/util/qquickpathinterpolator.cpp",2
"src/quick/util/qquickpixmapcache_p.h",1
"src/quick/util/qquickpixmapcache.cpp",1
"src/quick/util/qquickpropertychanges_p.h",1
"src/quick/util/qquicksmoothedanimation_p_p.h",1
"src/quick/util/qquicksmoothedanimation_p.h",1
"src/quick/util/qquicksmoothedanimation.cpp",3
"src/quick/util/qquickspringanimation_p.h",1
"src/quick/util/qquickspringanimation.cpp",3
"src/quick/util/qquickstate_p_p.h",1
"src/quick/util/qquickstate_p.h",1
"src/quick/util/qquickstate.cpp",2
"src/quick/util/qquickstatechangescript_p.h",1
"src/quick/util/qquickstatechangescript.cpp",2
"src/quick/util/qquickstategroup_p.h",1
"src/quick/util/qquickstategroup.cpp",2
"src/quick/util/qquickstyledtext_p.h",1
"src/quick/util/qquickstyledtext.cpp",1
"src/quick/util/qquicksvgparser_p.h",0
"src/quick/util/qquicksvgparser.cpp",0
"src/quick/util/qquicksystempalette_p.h",1
"src/quick/util/qquicksystempalette.cpp",2
"src/quick/util/qquicktimeline_p_p.h",1
"src/quick/util/qquicktimeline.cpp",1
"src/quick/util/qquicktransition_p.h",1
"src/quick/util/qquicktransition.cpp",2
"src/quick/util/qquicktransitionmanager_p_p.h",1
"src/quick/util/qquicktransitionmanager.cpp",1
"src/quick/util/qquickutilmodule_p.h",1
"src/quick/util/qquickutilmodule.cpp",1
"src/quick/util/qquickvaluetypes_p.h",1
"src/quick/util/qquickvaluetypes.cpp",1
"tests/auto/particles/qquickage/tst_qquickage.cpp",0
"tests/auto/particles/qquickangleddirection/tst_qquickangleddirection.cpp",0
"tests/auto/particles/qquickcumulativedirection/tst_qquickcumulativedirection.cpp",0
"tests/auto/particles/qquickcustomaffector/tst_qquickcustomaffector.cpp",0
"tests/auto/particles/qquickcustomparticle/tst_qquickcustomparticle.cpp",0
"tests/auto/particles/qquickellipseextruder/tst_qquickellipseextruder.cpp",0
"tests/auto/particles/qquickfriction/tst_qquickfriction.cpp",0
"tests/auto/particles/qquickgravity/tst_qquickgravity.cpp",0
"tests/auto/particles/qquickgroupgoal/tst_qquickgroupgoal.cpp",0
"tests/auto/particles/qquickimageparticle/tst_qquickimageparticle.cpp",0
"tests/auto/particles/qquickitemparticle/tst_qquickitemparticle.cpp",0
"tests/auto/particles/qquicklineextruder/tst_qquicklineextruder.cpp",0
"tests/auto/particles/qquickmaskextruder/tst_qquickmaskextruder.cpp",0
"tests/auto/particles/qquickparticlegroup/tst_qquickparticlegroup.cpp",0
"tests/auto/particles/qquickparticlesystem/tst_qquickparticlesystem.cpp",0
"tests/auto/particles/qquickpointattractor/tst_qquickpointattractor.cpp",0
"tests/auto/particles/qquickpointdirection/tst_qquickpointdirection.cpp",0
"tests/auto/particles/qquickrectangleextruder/tst_qquickrectangleextruder.cpp",0
"tests/auto/particles/qquickspritegoal/tst_qquickspritegoal.cpp",0
"tests/auto/particles/qquicktargetdirection/tst_qquicktargetdirection.cpp",0
"tests/auto/particles/qquicktrailemitter/tst_qquicktrailemitter.cpp",0
"tests/auto/particles/qquickturbulence/tst_qquickturbulence.cpp",0
"tests/auto/particles/qquickwander/tst_qquickwander.cpp",0
"tests/auto/particles/shared/particlestestsshared.h",0
"tests/auto/qml/animation/qabstractanimationjob/tst_qabstractanimationjob.cpp",0
"tests/auto/qml/animation/qanimationgroupjob/tst_qanimationgroupjob.cpp",0
"tests/auto/qml/animation/qparallelanimationgroupjob/tst_qparallelanimationgroupjob.cpp",0
"tests/auto/qml/animation/qpauseanimationjob/tst_qpauseanimationjob.cpp",0
"tests/auto/qml/animation/qsequentialanimationgroupjob/tst_qsequentialanimationgroupjob.cpp",0
"tests/auto/qml/debugger/qdebugmessageservice/tst_qdebugmessageservice.cpp",1
"tests/auto/qml/debugger/qpacketprotocol/tst_qpacketprotocol.cpp",0
"tests/auto/qml/debugger/qqmldebugclient/tst_qqmldebugclient.cpp",0
"tests/auto/qml/debugger/qqmldebugjs/data/test.js",0
"tests/auto/qml/debugger/qqmldebugjs/tst_qqmldebugjs.cpp",4
"tests/auto/qml/debugger/qqmldebugservice/tst_qqmldebugservice.cpp",0
"tests/auto/qml/debugger/qqmlenginedebuginspectorintegrationtest/tst_qqmlenginedebuginspectorintegration.cpp",1
"tests/auto/qml/debugger/qqmlenginedebugservice/tst_qqmlenginedebugservice.cpp",0
"tests/auto/qml/debugger/qqmlinspector/tst_qqmlinspector.cpp",1
"tests/auto/qml/debugger/qqmlprofilerservice/tst_qqmlprofilerservice.cpp",4
"tests/auto/qml/debugger/qv8profilerservice/tst_qv8profilerservice.cpp",1
"tests/auto/qml/debugger/shared/debugutil_p.h",1
"tests/auto/qml/debugger/shared/debugutil.cpp",1
"tests/auto/qml/debugger/shared/qqmldebugclient.cpp",0
"tests/auto/qml/debugger/shared/qqmldebugclient.h",0
"tests/auto/qml/debugger/shared/qqmldebugtestservice.cpp",0
"tests/auto/qml/debugger/shared/qqmldebugtestservice.h",0
"tests/auto/qml/debugger/shared/qqmlenginedebugclient.cpp",0
"tests/auto/qml/debugger/shared/qqmlenginedebugclient.h",0
"tests/auto/qml/debugger/shared/qqmlinspectorclient.cpp",0
"tests/auto/qml/debugger/shared/qqmlinspectorclient.h",0
"tests/auto/qml/parserstress/tests/ecma_2/RegExp/hex-001.js",0
"tests/auto/qml/parserstress/tests/ecma_3/RegExp/octal-002.js",0
"tests/auto/qml/parserstress/tests/ecma_3/RegExp/regress-85721.js",0
"tests/auto/qml/parserstress/tests/ecma_3/Regress/regress-441477-01.js",0
"tests/auto/qml/parserstress/tests/ecma_3/String/regress-392378.js",0
"tests/auto/qml/parserstress/tests/ecma/GlobalObject/15.1.2.2-1.js",0
"tests/auto/qml/parserstress/tests/ecma/GlobalObject/15.1.2.3-1.js",0
"tests/auto/qml/parserstress/tests/ecma/GlobalObject/15.1.2.3-2.js",0
"tests/auto/qml/parserstress/tests/ecma/GlobalObject/15.1.2.6.js",0
"tests/auto/qml/parserstress/tests/ecma/GlobalObject/15.1.2.7.js",0
"tests/auto/qml/parserstress/tests/ecma/LexicalConventions/7.7.3-1.js",0
"tests/auto/qml/parserstress/tests/ecma/LexicalConventions/7.7.3-2.js",0
"tests/auto/qml/parserstress/tests/ecma/LexicalConventions/7.7.3.js",0
"tests/auto/qml/parserstress/tests/ecma/LexicalConventions/7.7.4.js",0
"tests/auto/qml/parserstress/tests/ecma/Math/15.8.2.1.js",0
"tests/auto/qml/parserstress/tests/ecma/TypeConversion/9.3.1-3.js",0
"tests/auto/qml/parserstress/tst_parserstress.cpp",0
"tests/auto/qml/qjsengine/tst_qjsengine.cpp",11
"tests/auto/qml/qjsonbinding/tst_qjsonbinding.cpp",2
"tests/auto/qml/qjsvalue/tst_qjsvalue.cpp",4
"tests/auto/qml/qjsvalue/tst_qjsvalue.h",0
"tests/auto/qml/qjsvalueiterator/tst_qjsvalueiterator.cpp",0
"tests/auto/qml/qmlmin/tst_qmlmin.cpp",1
"tests/auto/qml/qmlplugindump/tst_qmlplugindump.cpp",0
"tests/auto/qml/qqmlapplicationengine/testapp/main.cpp",0
"tests/auto/qml/qqmlapplicationengine/tst_qqmlapplicationengine.cpp",1
"tests/auto/qml/qqmlbinding/tst_qqmlbinding.cpp",0
"tests/auto/qml/qqmlbundle/data/imports/bundletest/plugin.cpp",0
"tests/auto/qml/qqmlbundle/tst_qqmlbundle.cpp",0
"tests/auto/qml/qqmlchangeset/tst_qqmlchangeset.cpp",0
"tests/auto/qml/qqmlcomponent/tst_qqmlcomponent.cpp",0
"tests/auto/qml/qqmlconnections/tst_qqmlconnections.cpp",0
"tests/auto/qml/qqmlconsole/tst_qqmlconsole.cpp",1
"tests/auto/qml/qqmlcontext/tst_qqmlcontext.cpp",0
"tests/auto/qml/qqmlcpputils/tst_qqmlcpputils.cpp",0
"tests/auto/qml/qqmldirparser/tst_qqmldirparser.cpp",1
"tests/auto/qml/qqmlecmascript/data/jsimport/importSingletonType.js",0
"tests/auto/qml/qqmlecmascript/data/jsimport/testJsModuleRemoteImport.js",0
"tests/auto/qml/qqmlecmascript/data/jsimportfail/malformedFile.js",0
"tests/auto/qml/qqmlecmascript/data/jsimportfail/malformedFileQualifier.2.js",0
"tests/auto/qml/qqmlecmascript/data/jsimportfail/malformedFileQualifier.js",0
"tests/auto/qml/qqmlecmascript/data/jsimportfail/malformedImport.js",0
"tests/auto/qml/qqmlecmascript/data/jsimportfail/malformedModule.js",0
"tests/auto/qml/qqmlecmascript/data/jsimportfail/malformedModuleQualifier.2.js",0
"tests/auto/qml/qqmlecmascript/data/jsimportfail/malformedModuleQualifier.js",0
"tests/auto/qml/qqmlecmascript/data/jsimportfail/malformedModuleVersion.js",0
"tests/auto/qml/qqmlecmascript/data/jsimportfail/missingFileQualifier.js",0
"tests/auto/qml/qqmlecmascript/data/jsimportfail/missingModuleQualifier.js",0
"tests/auto/qml/qqmlecmascript/data/jsimportfail/missingModuleVersion.js",0
"tests/auto/qml/qqmlecmascript/data/remote/com/nokia/JsRemoteModule/ScriptAPI.js",0
"tests/auto/qml/qqmlengine/data/interception/qmldir/intercepted.js",0
"tests/auto/qml/qqmlengine/data/interception/qmldir/intercepted/intercepted.js",0
"tests/auto/qml/qqmlengine/data/interception/strings/intercepted.js",0
"tests/auto/qml/qqmlengine/data/interception/strings/intercepted/intercepted.js",0
"tests/auto/qml/qqmlengine/data/interception/types/intercepted.js",0
"tests/auto/qml/qqmlengine/data/interception/types/intercepted/intercepted.js",0
"tests/auto/qml/qqmlengine/tst_qqmlengine.cpp",1
"tests/auto/qml/qqmlerror/tst_qqmlerror.cpp",0
"tests/auto/qml/qqmlexpression/tst_qqmlexpression.cpp",0
"tests/auto/qml/qqmlglobal/tst_qqmlglobal.cpp",0
"tests/auto/qml/qqmlincubator/testtypes.cpp",0
"tests/auto/qml/qqmlincubator/testtypes.h",0
"tests/auto/qml/qqmlincubator/tst_qqmlincubator.cpp",0
"tests/auto/qml/qqmlinfo/tst_qqmlinfo.cpp",0
"tests/auto/qml/qqmlinstantiator/tst_qqmlinstantiator.cpp",1
"tests/auto/qml/qqmlinstruction/tst_qqmlinstruction.cpp",1
"tests/auto/qml/qqmllanguage/data/lib/org/qtproject/installedtest2/test1.js",0
"tests/auto/qml/qqmllanguage/data/lib/org/qtproject/installedtest2/test2.js",0
"tests/auto/qml/qqmllanguage/data/lib/org/qtproject/PureJsModule.1.6/FirstAPI.1.6.js",0
"tests/auto/qml/qqmllanguage/data/lib/org/qtproject/PureJsModule.1.6/FirstAPI.js",0
"tests/auto/qml/qqmllanguage/data/lib/org/qtproject/PureJsModule.1.6/SecondAPI.js",0
"tests/auto/qml/qqmllanguage/data/lib/org/qtproject/PureJsModule/FirstAPI.js",0
"tests/auto/qml/qqmllanguage/data/lib/org/qtproject/PureJsModule/SecondAPI.js",0
"tests/auto/qml/qqmllanguage/data/lib/org/qtproject/VersionedOnlyJsModule.9.0/SomeAPI.js",0
"tests/auto/qml/qqmllanguage/testtypes.cpp",0
"tests/auto/qml/qqmllanguage/testtypes.h",0
